their,2155615
get,2236065
one,2220367
just,2357946
our,2407032
if,2566224
time,2341341
here,2507283
place,3271348
there,2995212
service,2450793
all,2669654
great,2910691
food,3388922
like,2377998
as,3109825
very,2948930
of,10630885
at,3764953
are,3681436
t,5042190
good,3277544
out,2590339
so,4061352
had,4363554
but,5542438
be,3234135
was,13129417
my,7281131
me,3066813
it,11086193
were,3834606
have,4658928
a,18827306
for,8939346
and,25907493
i,22724297
to,18362580
with,6138644
they,6295422
not,4548314
in,8406884
is,9004053
that,6688570
we,6262844
this,6052281
s,4268966
on,5211266
you,6083414
the,36988701